﻿--
-- Script was generated by Devart dbForge Studio for MySQL, Version 8.0.40.0
-- Product home page: http://www.devart.com/dbforge/mysql/studio
-- Script date 16/06/2023 1:20:00
-- Server version: 5.5.5-10.1.40-MariaDB
-- Client version: 4.1
--

-- 
-- Disable foreign keys
-- 
/*!40014 SET @OLD_FOREIGN_KEY_CHECKS=@@FOREIGN_KEY_CHECKS, FOREIGN_KEY_CHECKS=0 */;

-- 
-- Set SQL mode
-- 
/*!40101 SET @OLD_SQL_MODE=@@SQL_MODE, SQL_MODE='NO_AUTO_VALUE_ON_ZERO' */;

-- 
-- Set character set the client will use to send SQL statements to the server
--
SET NAMES 'utf8';

DROP DATABASE IF EXISTS sardinerohc;

CREATE DATABASE sardinerohc
CHARACTER SET latin1
COLLATE latin1_swedish_ci;

--
-- Set default database
--
USE sardinerohc;

--
-- Create table `preparadores`
--
CREATE TABLE preparadores (
  dni varchar(9) NOT NULL,
  nombre varchar(50) DEFAULT NULL,
  apellidos varchar(100) DEFAULT NULL,
  f_nacimiento date DEFAULT NULL,
  telefono varchar(13) DEFAULT NULL,
  sueldo int(11) DEFAULT NULL,
  dni_directivos varchar(9) DEFAULT NULL,
  PRIMARY KEY (dni)
)
ENGINE = INNODB,
AVG_ROW_LENGTH = 1170,
CHARACTER SET latin1,
COLLATE latin1_swedish_ci;

--
-- Create index `fk_preparadores_directivos` on table `preparadores`
--
ALTER TABLE preparadores
ADD INDEX fk_preparadores_directivos (dni_directivos);

--
-- Create table `categoria`
--
CREATE TABLE categoria (
  cod_categoria varchar(5) NOT NULL,
  dni varchar(9) DEFAULT NULL,
  PRIMARY KEY (cod_categoria)
)
ENGINE = INNODB,
AVG_ROW_LENGTH = 910,
CHARACTER SET latin1,
COLLATE latin1_swedish_ci;

--
-- Create foreign key
--
ALTER TABLE categoria
ADD CONSTRAINT fk_categoria_preparadores FOREIGN KEY (dni)
REFERENCES preparadores (dni);

--
-- Create table `jugadores`
--
CREATE TABLE jugadores (
  dni varchar(9) NOT NULL,
  nombre varchar(50) DEFAULT NULL,
  apellidos varchar(100) DEFAULT NULL,
  f_nacimiento date DEFAULT NULL,
  telefono varchar(13) DEFAULT NULL,
  cod_categoria varchar(5) DEFAULT NULL,
  dorsal tinyint(4) NOT NULL,
  f_alta date DEFAULT NULL,
  f_baja date DEFAULT NULL,
  PRIMARY KEY (dni)
)
ENGINE = INNODB,
AVG_ROW_LENGTH = 182,
CHARACTER SET latin1,
COLLATE latin1_swedish_ci;

--
-- Create foreign key
--
ALTER TABLE jugadores
ADD CONSTRAINT fk_jugadores_categoria FOREIGN KEY (cod_categoria)
REFERENCES categoria (cod_categoria);

--
-- Create table `cuotas`
--
CREATE TABLE cuotas (
  id_cuotas int(11) NOT NULL AUTO_INCREMENT,
  concepto varchar(200) DEFAULT NULL,
  metodo_pago varchar(50) DEFAULT NULL,
  importe int(11) DEFAULT NULL,
  dni varchar(9) DEFAULT NULL,
  PRIMARY KEY (id_cuotas)
)
ENGINE = INNODB,
AUTO_INCREMENT = 201,
AVG_ROW_LENGTH = 109,
CHARACTER SET latin1,
COLLATE latin1_swedish_ci;

--
-- Create foreign key
--
ALTER TABLE cuotas
ADD CONSTRAINT fk_cuotas_jugadores FOREIGN KEY (dni)
REFERENCES jugadores (dni);

--
-- Create table `horarioentrenamientos`
--
CREATE TABLE horarioentrenamientos (
  id int(11) NOT NULL AUTO_INCREMENT,
  diasemana varchar(20) NOT NULL,
  hinicio time NOT NULL,
  hfinal time NOT NULL,
  cod_categoria varchar(5) DEFAULT NULL,
  PRIMARY KEY (id)
)
ENGINE = INNODB,
AUTO_INCREMENT = 7,
AVG_ROW_LENGTH = 8192,
CHARACTER SET latin1,
COLLATE latin1_swedish_ci;

--
-- Create foreign key
--
ALTER TABLE horarioentrenamientos
ADD CONSTRAINT fk_horarioentrenamientos_categoria FOREIGN KEY (cod_categoria)
REFERENCES categoria (cod_categoria);

--
-- Create table `partidos`
--
CREATE TABLE partidos (
  id_partidos int(11) NOT NULL AUTO_INCREMENT,
  resultadoS int(11) DEFAULT NULL,
  resultadoC int(11) DEFAULT NULL,
  fecha date DEFAULT NULL,
  hora time DEFAULT NULL,
  competicion varchar(50) DEFAULT NULL,
  contrincante varchar(50) DEFAULT NULL,
  cod_categoria varchar(5) DEFAULT NULL,
  PRIMARY KEY (id_partidos)
)
ENGINE = INNODB,
AUTO_INCREMENT = 101,
AVG_ROW_LENGTH = 409,
CHARACTER SET latin1,
COLLATE latin1_swedish_ci;

--
-- Create index `fk_partidos_categoria` on table `partidos`
--
ALTER TABLE partidos
ADD INDEX fk_partidos_categoria (cod_categoria);

--
-- Create table `juegan`
--
CREATE TABLE juegan (
  id_juegan int(11) NOT NULL AUTO_INCREMENT,
  dni varchar(9) DEFAULT NULL,
  id_partidos int(11) DEFAULT NULL,
  PRIMARY KEY (id_juegan)
)
ENGINE = INNODB,
CHARACTER SET latin1,
COLLATE latin1_swedish_ci;

--
-- Create index `uk_jugadores_partidos` on table `juegan`
--
ALTER TABLE juegan
ADD UNIQUE INDEX uk_jugadores_partidos (dni, id_partidos);

--
-- Create foreign key
--
ALTER TABLE juegan
ADD CONSTRAINT fk_juegan_jugadores FOREIGN KEY (dni)
REFERENCES jugadores (dni);

--
-- Create foreign key
--
ALTER TABLE juegan
ADD CONSTRAINT fk_juegan_partidos FOREIGN KEY (id_partidos)
REFERENCES partidos (id_partidos);

--
-- Create table `directivos`
--
CREATE TABLE directivos (
  dni varchar(9) NOT NULL,
  nombre varchar(50) DEFAULT NULL,
  apellidos varchar(100) DEFAULT NULL,
  f_nacimiento date DEFAULT NULL,
  telefono varchar(13) DEFAULT NULL,
  cargo varchar(50) DEFAULT NULL,
  PRIMARY KEY (dni)
)
ENGINE = INNODB,
AVG_ROW_LENGTH = 3276,
CHARACTER SET latin1,
COLLATE latin1_swedish_ci;

--
-- Create table `entrenadores`
--
CREATE TABLE entrenadores (
  dni varchar(9) NOT NULL,
  nombre varchar(50) DEFAULT NULL,
  apellidos varchar(100) DEFAULT NULL,
  f_nacimiento date DEFAULT NULL,
  telefono varchar(13) DEFAULT NULL,
  sueldo int(11) DEFAULT NULL,
  cod_categoria varchar(5) DEFAULT NULL,
  dni_directivos varchar(9) DEFAULT NULL,
  PRIMARY KEY (dni)
)
ENGINE = INNODB,
AVG_ROW_LENGTH = 455,
CHARACTER SET latin1,
COLLATE latin1_swedish_ci;

--
-- Create foreign key
--
ALTER TABLE entrenadores
ADD CONSTRAINT fk_entrenadores_categoria FOREIGN KEY (cod_categoria)
REFERENCES categoria (cod_categoria);

--
-- Create foreign key
--
ALTER TABLE entrenadores
ADD CONSTRAINT fk_entrenadores_directivos FOREIGN KEY (dni_directivos)
REFERENCES directivos (dni);

--
-- Create table `telefonos`
--
CREATE TABLE telefonos (
  id_telefonos int(11) NOT NULL AUTO_INCREMENT,
  dni varchar(9) DEFAULT NULL,
  telefonos_tutores_legales varchar(13) DEFAULT NULL,
  PRIMARY KEY (id_telefonos)
)
ENGINE = INNODB,
AUTO_INCREMENT = 26,
AVG_ROW_LENGTH = 655,
CHARACTER SET latin1,
COLLATE latin1_swedish_ci;

--
-- Create index `fk_telefonos_jugadores` on table `telefonos`
--
ALTER TABLE telefonos
ADD INDEX fk_telefonos_jugadores (dni);

--
-- Create index `uk_telefonos_jugadores` on table `telefonos`
--
ALTER TABLE telefonos
ADD UNIQUE INDEX uk_telefonos_jugadores (telefonos_tutores_legales, dni);

--
-- Create table `patrocinadores`
--
CREATE TABLE patrocinadores (
  id_patrocinadores int(11) NOT NULL AUTO_INCREMENT,
  nombre varchar(50) DEFAULT NULL,
  dinero float(10, 5) DEFAULT NULL,
  dni varchar(9) DEFAULT NULL,
  PRIMARY KEY (id_patrocinadores)
)
ENGINE = INNODB,
AUTO_INCREMENT = 21,
AVG_ROW_LENGTH = 3276,
CHARACTER SET latin1,
COLLATE latin1_swedish_ci;

--
-- Create index `fk_directivos_patrocinadores` on table `patrocinadores`
--
ALTER TABLE patrocinadores
ADD INDEX fk_directivos_patrocinadores (dni);

--
-- Create table `noticias`
--
CREATE TABLE noticias (
  id int(11) NOT NULL AUTO_INCREMENT,
  titulo varchar(100) NOT NULL,
  contenido varchar(10000) NOT NULL,
  PRIMARY KEY (id)
)
ENGINE = INNODB,
AUTO_INCREMENT = 4,
AVG_ROW_LENGTH = 5461,
CHARACTER SET latin1,
COLLATE latin1_swedish_ci;

-- 
-- Dumping data for table preparadores
--
INSERT INTO preparadores VALUES
('11111111A', 'Juan', 'Garcia Perez', '1992-07-01', '+34601385670', 150, '12345678A'),
('12121212J', 'María', 'López García', '1994-02-16', '+34 121212121', 190, '56789012E'),
('13131313K', 'Juan', 'Martínez Pérez', '1986-04-30', '+34 131313131', 170, '12345678A'),
('14141414L', 'Laura', 'Gómez López', '1999-11-05', '+34 141414141', 160, '12345678A'),
('15151515M', 'Pedro', 'Hernández Ruiz', '1992-09-28', '+34 151515151', 200, '23456789B'),
('16161616N', 'María', 'Sánchez Martínez', '1987-01-12', '+34 161616161', 180, '23456789B'),
('22222222B', 'Laura', 'Fernández López', '1988-10-22', '+34 222222222', 170, '12345678A'),
('33333333C', 'Pedro', 'Ruiz García', '1990-02-05', '+34 333333333', 200, '23456789B'),
('44444444D', 'María', 'Gómez Martínez', '1985-12-11', '+34 444444444', 180, '23456789B'),
('55555555E', 'Miguel', 'Hernández Sánchez', '1993-05-18', '+34 555555555', 100, '34567890C'),
('66666666F', 'Lucía', 'Martín González', '1998-03-24', '+34 666666666', 190, '34567890C'),
('77777777G', 'Antonio', 'Sánchez López', '1987-09-15', '+34 777777777', 220, '45678901D'),
('88888888H', 'Ana', 'García Martínez', '1995-06-12', '+34 888888888', 200, '45678901D'),
('99999999I', 'Javier', 'Fernández Pérez', '1991-08-08', '+34 999999999', 180, '56789012E');

-- 
-- Dumping data for table partidos
--
INSERT INTO partidos VALUES
(1, 4, 5, '2022-11-05', '08:00:00', 'campeonato de España hierba', 'Junior FC', 'SEG_F'),
(9, 0, 6, '2024-03-08', '08:00:00', 'Liga regular', 'Club de Campo Villa de Madrid HH', 'JUV_F'),
(13, 1, 3, '2023-01-18', '08:00:00', 'Liga regular', 'Club de Campo Villa de Madrid BB', 'SEG_F'),
(16, 2, 5, '2024-01-20', '08:00:00', 'campeonato de España hierba', 'Club de Campo Villa de Madrid L', 'CAD_F'),
(18, 2, 5, '2023-02-22', '08:00:00', 'campeonato de España hierba', 'Club de Campo Villa de Madrid QQ', 'PB_M'),
(19, 7, 0, '2022-12-19', '08:00:00', 'Liga Norte', 'Club de Campo Villa de Madrid OO', 'SEG_M'),
(20, 3, 5, '2022-11-23', '08:00:00', 'Liga iberdrola', 'Club de Campo Villa de Madrid H', 'AL_M'),
(21, 7, 0, '2023-12-01', '08:00:00', 'Copa de España', 'Club de Campo Villa de Madrid I', 'AL_F'),
(22, 5, 2, '2023-09-05', '08:00:00', 'campeonato de España hierba', 'Club de Campo Villa de Madrid L', 'JUV_F'),
(28, 2, 1, '2023-01-07', '08:00:00', 'campeonato de España hierba', 'Club de Campo Villa de Madrid MM', 'JUV_M'),
(29, 1, 1, '2023-07-29', '08:00:00', 'campeonato de España hierba', 'Club de Campo Villa de Madrid T', 'SEG_M'),
(33, 7, 5, '2023-12-29', '08:00:00', 'Liga regular', 'Club de Campo Villa de Madrid NN', 'SEG_M'),
(34, 2, 3, '2023-06-02', '08:00:00', 'Liga iberdrola', 'Club de Campo Villa de Madrid F', 'AL_F'),
(35, 5, 0, '2023-12-26', '08:00:00', 'campeonato de España sala', 'Club de Campo Villa de Madrid W', 'IF_M'),
(36, 6, 2, '2024-01-08', '08:00:00', 'Liga regular', 'Club de Campo Villa de Madrid WW', 'SEG_M'),
(45, 6, 3, '2023-06-07', '08:00:00', 'campeonato de España hierba', 'Junior FC', 'PRI_M'),
(47, 7, 2, '2023-04-20', '08:00:00', 'Copa de España', 'Club de Campo Villa de Madrid H', 'SEG_M'),
(52, 3, 2, '2023-01-07', '08:00:00', 'Copa de España', 'Club de Campo Villa de Madrid M', 'AL_F'),
(53, 5, 6, '2023-10-31', '08:00:00', 'campeonato de España hierba', 'Club de Campo Villa de Madrid QQ', 'JUV_M'),
(55, 7, 3, '2022-09-29', '08:00:00', 'Liga iberdrola', 'Club de Campo Villa de Madrid C', 'DH_M'),
(56, 1, 2, '2022-10-16', '08:00:00', 'Copa de España', 'Club de Campo Villa de Madrid TT', 'IF_M'),
(58, 2, 5, '2024-02-18', '08:00:00', 'Copa de España', 'Club Egara', 'IF_M'),
(61, 2, 2, '2022-11-26', '08:00:00', 'Liga regular', 'Club de Campo Villa de Madrid MM', 'BN_F'),
(64, 3, 0, '2022-11-23', '08:00:00', 'campeonato de España sala', 'Club de Campo Villa de Madrid T', 'SEG_M'),
(66, 4, 2, '2023-03-22', '08:00:00', 'campeonato de España hierba', 'Club de Campo Villa de Madrid H', 'BN_F'),
(70, 2, 4, '2023-05-17', '08:00:00', 'campeonato de España hierba', 'Club de Campo Villa de Madrid W', 'JUV_F'),
(71, 3, 6, '2023-12-21', '08:00:00', 'Liga regular', 'Club de Campo Villa de Madrid WW', 'IF_M'),
(72, 5, 4, '2023-07-31', '08:00:00', 'Copa de España', 'Club de Campo Villa de Madrid B', 'SEG_F'),
(78, 7, 2, '2022-11-14', '08:00:00', 'Liga Norte', 'Club de Campo Villa de Madrid M', 'PRI_F'),
(79, 4, 1, '2023-08-08', '08:00:00', 'Copa de España', 'Club de Campo Villa de Madrid II', 'JUV_F'),
(81, 7, 2, '2023-11-30', '08:00:00', 'Liga mgs', 'Club de Campo Villa de Madrid Y', 'CAD_F'),
(86, 8, 1, '2023-06-09', '08:00:00', 'Liga iberdrola', 'Club de Campo Villa de Madrid T', 'CAD_F'),
(89, 1, 2, '2023-01-23', '08:00:00', 'Liga regular', 'Club de Campo Villa de Madrid S', 'PB_F'),
(91, 1, 6, '2023-05-08', '08:00:00', 'campeonato de España hierba', 'Club de Campo Villa de Madrid R', 'SEG_M'),
(93, 3, 5, '2023-05-04', '08:00:00', 'Copa de España', 'Club de Campo Villa de Madrid L', 'PRI_F'),
(94, 1, 3, '2024-01-06', '08:00:00', 'Liga Norte', 'Club de Campo Villa de Madrid P', 'DH_M'),
(95, 1, 4, '2023-05-26', '08:00:00', 'Liga Norte', 'Club de Campo Villa de Madrid N', 'JUV_F'),
(97, 2, 3, '2023-07-14', '08:00:00', 'Liga mgs', 'Club de Campo Villa de Madrid VV', 'AL_F'),
(99, 7, 3, '2022-12-17', '08:00:00', 'Liga mgs', 'Club de Campo Villa de Madrid H', 'PB_M'),
(100, 3, 5, '2024-01-02', '08:00:00', 'campeonato de España sala', 'Club de Campo Villa de Madrid GG', 'DH_M');

-- 
-- Dumping data for table directivos
--
INSERT INTO directivos VALUES
('12345678A', 'Carlos', 'González Pérez', '1985-05-10', '+34 123456789', 'Presidente'),
('23456789B', 'María', 'López Rodríguez', '1990-09-20', '+34 234567890', 'Vicepresidenta'),
('34567890C', 'Javier', 'Martínez García', '1982-02-15', '+34 345678901', 'Director Deportivo'),
('45678901D', 'Ana', 'Sánchez Rodríguez', '1978-12-03', '+34 456789012', 'Secretaria'),
('56789012E', 'David', 'Fernández García', '1995-06-30', '+34 567890123', 'Tesorero');

-- 
-- Dumping data for table categoria
--
INSERT INTO categoria VALUES
('BN_M', '11111111A'),
('IF_M', '11111111A'),
('PB_M', '11111111A'),
('PB_F', '12121212J'),
('BN_F', '13131313K'),
('JUV_M', '14141414L'),
('AL_F', '16161616N'),
('AL_M', '16161616N'),
('SEG_F', '33333333C'),
('JUV_F', '55555555E'),
('PRI_F', '66666666F'),
('PRI_M', '66666666F'),
('SEG_M', '77777777G'),
('CAD_F', '88888888H'),
('CAD_M', '88888888H'),
('DH_F', '88888888H'),
('DH_M', '99999999I'),
('IF_F', '99999999I');

-- 
-- Dumping data for table jugadores
--
INSERT INTO jugadores VALUES
('00074683P', 'Lola', 'Pérez', '1988-06-03', '+34109734131', 'CAD_F', 41, '2021-02-06', '0000-00-00'),
('00095836L', 'Miriam', 'Rodríguez', '1988-09-05', '+34933529833', 'BN_F', 32, '2021-05-19', '0000-00-00'),
('00213410Z', 'Diego', 'Rodríguez', '1987-11-11', '+34504669103', 'JUV_M', 2, '2022-05-26', '0000-00-00'),
('00305644S', 'Diego', 'Rodríguez', '1990-10-14', '+34503342585', 'AL_M', 84, '2021-04-23', '0000-00-00'),
('00639253L', 'Miguel', 'Sánchez', '1995-08-04', '+34755006759', 'PB_M', 52, '0000-00-00', '0000-00-00'),
('01696735L', 'Sara', 'Hernández', '1995-09-15', '+34796744258', 'IF_F', 44, '2022-02-10', '0000-00-00'),
('01871643W', 'Natalia', 'Ramírez', '1993-09-23', '+34945969609', 'DH_F', 71, '2023-01-21', '0000-00-00'),
('02536822A', 'Antonio', 'Torres', '1990-05-19', '+34166528493', 'PRI_M', 53, '2022-10-30', '0000-00-00'),
('02758307F', 'Raquel', 'García', '1993-05-22', '+34018273038', 'PRI_F', 44, '2021-06-21', '0000-00-00'),
('03541872A', 'Verónica', 'Jimeno', '1998-09-18', '+34083405601', 'AL_F', 88, '2022-03-11', '0000-00-00'),
('04514692P', 'Diego', 'Pérez', '1995-10-09', '+34494285370', 'DH_M', 75, '2022-08-18', '0000-00-00'),
('04535409S', 'Luis', 'Rodríguez', '1987-06-21', '+34914964155', 'IF_M', 18, '2022-11-04', '0000-00-00'),
('05137671S', 'Raquel', 'Hernández', '2000-05-19', '+34253558342', 'PRI_F', 45, '2022-09-26', '0000-00-00'),
('05231301Z', 'Alicia', 'López', '1989-02-06', '+34430344463', 'BN_F', 66, '2021-03-19', '0000-00-00'),
('05338980W', 'Lidia', 'Torres', '1989-05-23', '+34558629980', 'DH_F', 59, '2023-01-16', '0000-00-00'),
('05690222X', 'Luis', 'Pérez', '1992-05-15', '+34019355471', 'BN_M', 50, '2023-03-22', '0000-00-00'),
('05703861A', 'Esther', 'Hernández', '1993-12-31', '+34698086535', 'SEG_F', 36, '2022-07-04', '0000-00-00'),
('06118961Y', 'Manuel', 'Ramírez', '1993-08-01', '+34532936645', 'IF_M', 60, '2022-05-13', '0000-00-00'),
('06275105R', 'Juan', 'Martínez', '1997-10-07', '+34309620160', 'DH_M', 17, '2022-09-21', '0000-00-00'),
('06452129T', 'Natalia', 'Pérez', '1992-08-06', '+34882817201', 'PRI_F', 7, '2022-10-07', '0000-00-00'),
('06594352L', 'Manuel', 'Martínez', '1986-07-17', '+34093403739', 'AL_M', 26, '2022-03-05', '0000-00-00'),
('06922507X', 'Marta', 'Hernández', '1996-12-18', '+34005681506', 'BN_F', 82, '2021-03-15', '0000-00-00'),
('06994709E', 'Luis', 'Sánchez', '1999-11-16', '+34825569981', 'IF_M', 42, '2021-05-11', '0000-00-00'),
('07143835K', 'Naiara', 'Ramírez', '1993-10-17', '+34549556630', 'IF_F', 83, '2021-06-22', '0000-00-00'),
('07379758L', 'Manuel', 'Sánchez', '1996-02-16', '+34352017990', 'AL_M', 51, '2022-07-14', '0000-00-00'),
('07625236D', 'Fátima', 'López', '1988-01-19', '+34041719222', 'BN_F', 38, '2022-08-06', '0000-00-00'),
('07704566G', 'Raquel', 'Pérez', '2000-05-13', '+34270402165', 'PRI_F', 98, '2021-02-07', '0000-00-00'),
('07737874F', 'Luis', 'Hernández', '1986-06-29', '+34169467114', 'PB_M', 82, '0000-00-00', '0000-00-00'),
('08422473A', 'Miguel', 'Sánchez', '1997-03-09', '+34814819779', 'JUV_M', 64, '2021-04-09', '0000-00-00'),
('09069100K', 'Celia', 'López', '1990-04-16', '+34121265771', 'DH_F', 58, '2023-01-09', '0000-00-00'),
('09335642W', 'Rafael', 'López', '1993-06-22', '+34718224934', 'CAD_M', 60, '2023-05-23', '0000-00-00'),
('10077659Y', 'Fernando', 'Jimeno', '1999-10-12', '+34970515566', 'SEG_M', 86, '2021-08-05', '0000-00-00'),
('10403039P', 'Lucía', 'Pérez', '1985-11-17', '+34491838863', 'IF_F', 16, '2023-01-11', '0000-00-00'),
('10409152X', 'Mónica', 'Merino', '1987-11-25', '+34282954235', 'PB_F', 65, '2022-12-26', '0000-00-00'),
('10994150Q', 'David', 'Torres', '1995-01-11', '+34644790385', 'BN_M', 77, '2021-12-03', '0000-00-00'),
('10996577F', 'Manuel', 'González', '1989-03-18', '+34092431874', 'BN_M', 34, '2023-03-01', '0000-00-00'),
('11300479L', 'Inés', 'Gutiérrez', '1990-05-19', '+34984156345', 'IF_F', 87, '2023-02-07', '0000-00-00'),
('11577294S', 'Gisela', 'Hernández', '1994-12-28', '+34750633615', 'PB_F', 88, '2022-01-07', '0000-00-00'),
('11606114Q', 'Lucía', 'López', '1994-07-28', '+34809252281', 'AL_F', 10, '2021-09-04', '0000-00-00'),
('11692790X', 'Luis', 'Sánchez', '1994-12-19', '+34384544833', 'BN_M', 66, '2022-03-15', '0000-00-00'),
('11697647R', 'Ana', 'Hernández', '1990-08-15', '+34040074182', 'CAD_F', 65, '2023-05-20', '0000-00-00'),
('11735387V', 'Pablo', 'Pérez', '1997-05-23', '+34240459099', 'PB_M', 84, '0000-00-00', '0000-00-00'),
('12087360S', 'Alicia', 'García', '1988-02-21', '+34414162994', 'IF_F', 96, '2022-03-28', '0000-00-00'),
('12701368S', 'Manuel', 'Pérez', '1995-05-22', '+34099666242', 'SEG_M', 63, '2022-06-06', '0000-00-00'),
('13342865C', 'Rafael', 'Pérez', '1996-08-16', '+34765020233', 'AL_M', 43, '2021-01-01', '0000-00-00'),
('13350272F', 'Tania', 'Gutiérrez', '1989-07-25', '+34360902979', 'BN_F', 88, '2022-06-17', '0000-00-00'),
('13457770B', 'Mónica', 'García', '1996-10-23', '+34048217009', 'CAD_F', 67, '2022-02-04', '0000-00-00'),
('13609453B', 'Juan', 'Sánchez', '1985-04-12', '+34430735485', 'IF_M', 14, '2021-10-16', '0000-00-00'),
('13787549G', 'Rafael', 'Pérez', '1989-02-03', '+34859857914', 'IF_M', 30, '2021-01-25', '0000-00-00'),
('13792008G', 'Fernando', 'Pérez', '1989-06-11', '+34871730209', 'BN_M', 64, '2021-05-04', '0000-00-00'),
('14143344N', 'Alba', 'Hernández', '1999-10-20', '+34799890307', 'AL_F', 49, '2021-12-26', '0000-00-00'),
('14337983E', 'Isabella', 'Hernández', '1987-02-27', '+34463919167', 'PB_F', 39, '2022-04-21', '0000-00-00'),
('15430630T', 'Pedro', 'Torres', '1991-08-01', '+34098757754', 'JUV_M', 59, '2023-06-04', '0000-00-00'),
('16102133W', 'Mario', 'Hernández', '1995-12-01', '+34050328382', 'BN_M', 29, '2023-04-24', '0000-00-00'),
('16202264L', 'Pedro', 'Hernández', '1996-04-26', '+34666760308', 'BN_M', 20, '2022-11-04', '0000-00-00'),
('16596063Q', 'Elsa', 'Hernández', '1996-11-06', '+34980273391', 'AL_F', 18, '2023-02-20', '0000-00-00'),
('16738471D', 'Miguel', 'Sánchez', '1998-07-27', '+34997965872', 'IF_M', 20, '2023-05-08', '0000-00-00'),
('16944955M', 'Raquel', 'García', '1996-06-27', '+34202645404', 'JUV_F', 72, '2022-03-08', '0000-00-00'),
('17320833A', 'Irene', 'Hernández', '1989-05-06', '+34362232162', 'CAD_F', 96, '2023-01-29', '0000-00-00'),
('17479193M', 'Paula', 'Martínez', '1996-12-25', '+34279601224', 'PRI_F', 85, '2023-04-13', '0000-00-00'),
('17622782P', 'Lourdes', 'Merino', '1993-08-11', '+34604995075', 'CAD_F', 45, '2021-09-20', '0000-00-00'),
('17816420N', 'Emilio', 'Pérez', '1996-07-06', '+34415785978', 'PB_M', 74, '0000-00-00', '0000-00-00'),
('17955871W', 'Rebeca', 'López', '1992-03-14', '+34022353291', 'AL_F', 76, '2022-10-10', '0000-00-00'),
('18381406H', 'Miriam', 'González', '1986-01-16', '+34128027410', 'DH_F', 30, '2023-01-26', '0000-00-00'),
('18657192B', 'Antonio', 'González', '1992-10-16', '+34936715204', 'AL_M', 5, '2021-09-27', '0000-00-00'),
('18680410C', 'Gabriela', 'Gutiérrez', '1987-10-14', '+34347485732', 'PB_F', 82, '2022-06-20', '0000-00-00'),
('19243858Q', 'Silvia', 'Rodríguez', '1997-11-15', '+34070589290', 'AL_F', 48, '2022-02-14', '0000-00-00'),
('19348915D', 'Francisco', 'Sánchez', '1991-01-07', '+34918317779', 'AL_M', 37, '2021-11-20', '0000-00-00'),
('19890227P', 'Teresa', 'Pérez', '1998-01-05', '+34871260069', 'IF_F', 97, '2022-01-10', '0000-00-00'),
('20062454R', 'Candela', 'García', '1991-02-07', '+34250476184', 'JUV_F', 75, '2022-02-07', '0000-00-00'),
('20321661M', 'Paula', 'Martínez', '1995-08-13', '+34239028396', 'SEG_F', 52, '2022-12-21', '0000-00-00'),
('20499714Y', 'María', 'González', '1988-04-02', '+34983515846', 'IF_F', 97, '2022-10-06', '0000-00-00'),
('20668394C', 'Sara', 'Sánchez', '1994-12-25', '+34090619926', 'SEG_F', 14, '2023-03-29', '0000-00-00'),
('20829907K', 'Francisco', 'García', '1986-02-14', '+34374626477', 'IF_M', 55, '2022-08-13', '0000-00-00'),
('20883428R', 'Verónica', 'García', '1993-10-06', '+34085307876', 'SEG_F', 20, '2022-03-08', '0000-00-00'),
('21014864X', 'Antonio', '', '1997-06-17', '+34903670360', 'CAD_M', 64, '2021-12-18', '0000-00-00'),
('21128633Y', 'Mario', 'Hernández', '1990-04-02', '+34616976832', 'CAD_M', 49, '2022-02-12', '0000-00-00'),
('21283728K', 'Raquel', 'López', '1988-08-09', '+34819602666', 'AL_F', 80, '2021-01-13', '0000-00-00'),
('21789250R', 'Celia', 'García', '1995-11-19', '+34393145729', 'SEG_F', 42, '2022-12-19', '0000-00-00'),
('22249828Z', 'Rafael', 'Pérez', '1997-04-20', '+34095308898', 'PRI_M', 56, '2021-07-19', '0000-00-00'),
('22709051H', 'Raquel', 'Sánchez', '1992-12-10', '+34822929787', 'PRI_F', 46, '2022-09-29', '0000-00-00'),
('22983436Z', 'Andrés', 'Hernández', '1992-01-12', '+34317761402', 'BN_M', 55, '2022-12-24', '0000-00-00'),
('23178711B', 'Leire', 'García', '1992-03-06', '+34702196994', 'SEG_F', 51, '2022-11-13', '0000-00-00'),
('23977482W', 'Miguel', 'García', '1995-11-03', '+34877536967', 'SEG_M', 95, '2022-11-11', '0000-00-00'),
('24015845F', 'Emilio', 'Rodríguez', '1986-03-23', '+34292256032', 'PRI_M', 84, '2021-07-13', '0000-00-00'),
('24021821S', 'Emilio', 'Ramírez', '1991-12-13', '+34367922022', 'BN_M', 44, '2021-09-19', '0000-00-00'),
('24037528S', 'Marta', 'Pérez', '1991-12-12', '+34056871204', 'DH_F', 32, '2021-08-19', '0000-00-00'),
('24063582X', 'Santiago', 'García', '2000-01-22', '+34179400116', 'JUV_M', 67, '2021-09-24', '0000-00-00'),
('24377427S', 'Emilio', 'Pérez', '1998-06-30', '+34415324357', 'SEG_M', 38, '2022-02-16', '0000-00-00'),
('24582609K', 'Emilio', 'García', '1998-06-28', '+34107856894', 'DH_M', 82, '2021-02-01', '0000-00-00'),
('24754103W', 'Rebeca', 'González', '1985-02-28', '+34245365377', 'JUV_F', 44, '2021-02-09', '0000-00-00'),
('25708235S', 'Gisela', 'Martínez', '1985-11-08', '+34096900353', 'DH_F', 83, '2021-03-10', '0000-00-00'),
('25742292V', 'Esther', 'Martínez', '1998-05-14', '+34146721345', 'PRI_F', 71, '2022-10-12', '0000-00-00'),
('26032270Z', 'Miguel', 'Torres', '1986-01-14', '+34648292100', 'PRI_M', 31, '2021-10-30', '0000-00-00'),
('26373471L', 'Celia', 'Merino', '1990-12-25', '+34966189651', 'IF_F', 64, '2022-09-08', '0000-00-00'),
('26539814T', 'Berta', 'Torres', '1989-04-01', '+34259805909', 'PRI_F', 26, '2022-04-30', '0000-00-00'),
('26576546X', 'Laura', 'Torres', '1989-08-28', '+34075178237', 'PRI_F', 51, '2021-09-08', '0000-00-00'),
('26703827V', 'Juan', 'Torres', '1997-07-08', '+34724409117', 'DH_M', 94, '2022-12-11', '0000-00-00'),
('27402851J', 'Alba', 'González', '1990-09-09', '+34141450497', 'JUV_F', 10, '2021-07-01', '0000-00-00'),
('27900768M', 'Lucía', 'Pérez', '1994-06-17', '+34728548597', 'JUV_F', 28, '2021-09-18', '0000-00-00'),
('27965893D', 'Ana', 'Ramírez', '1985-08-02', '+34087153526', 'AL_F', 33, '2021-03-13', '0000-00-00'),
('27971938M', 'Javier', 'Martínez', '1986-07-12', '+34370333321', 'PB_M', 95, '0000-00-00', '0000-00-00'),
('28030622J', 'Pablo', 'Hernández', '1996-07-22', '+34880891877', 'PRI_M', 56, '2021-09-25', '0000-00-00'),
('28268552L', 'David', 'Hernández', '1985-04-09', '+34473820582', 'DH_M', 16, '2023-05-05', '0000-00-00'),
('28424672Y', 'Luna', 'Hernández', '1996-10-22', '+34650349476', 'IF_F', 66, '2023-01-02', '0000-00-00'),
('29126126D', 'Juan', 'Sánchez', '1992-11-04', '+34524301804', 'CAD_M', 54, '2022-11-22', '0000-00-00'),
('29372295Z', 'Alba', 'Rodríguez', '1995-10-28', '+34196479493', 'AL_F', 85, '2021-01-16', '0000-00-00'),
('30059326E', 'Manuel', 'Hernández', '1992-08-15', '+34707632675', 'BN_M', 14, '2022-12-28', '0000-00-00'),
('30691381Q', 'Manuel', 'García', '1998-11-30', '+34546390418', 'PB_M', 18, '0000-00-00', '0000-00-00'),
('31476636Y', 'Maite', 'García', '1985-10-08', '+34252131193', 'DH_F', 79, '2022-06-16', '0000-00-00'),
('31854026C', 'David', 'Torres', '1988-11-19', '+34226488450', 'DH_M', 32, '2022-12-11', '0000-00-00'),
('31890694V', 'Rafael', 'Ramírez', '1997-06-25', '+34087009605', 'PRI_M', 61, '2022-10-26', '0000-00-00'),
('32027574S', 'Camila', 'Pérez', '1985-12-30', '+34043626580', 'CAD_F', 51, '2022-12-15', '0000-00-00'),
('32038603Q', 'David', 'García', '1995-03-16', '+34286536709', 'PB_M', 48, '0000-00-00', '0000-00-00'),
('32521560G', 'Jorge', 'Jimeno', '1994-12-04', '+34763811766', 'CAD_M', 36, '2021-09-18', '0000-00-00'),
('33024523T', 'Pablo', 'Hernández', '1989-08-25', '+34470652420', 'JUV_M', 87, '2021-10-31', '0000-00-00'),
('33057286M', 'Diego', 'Martínez', '1986-11-30', '+34044092238', 'PB_M', 46, '0000-00-00', '0000-00-00'),
('33368435S', 'David', 'Sánchez', '1994-09-28', '+34701041620', 'SEG_M', 10, '2023-02-17', '0000-00-00'),
('33731774V', 'Antonio', 'Torres', '1994-01-02', '+34799125750', 'DH_M', 47, '2022-09-26', '0000-00-00'),
('33741822V', 'Javier', 'Hernández', '1987-07-05', '+34045644994', 'IF_M', 16, '2022-02-21', '0000-00-00'),
('34926247A', 'Gabriela', 'Sánchez', '1996-06-23', '+34886505678', 'PB_F', 90, '2022-11-14', '0000-00-00'),
('35268693Z', 'Ariadna', 'Hernández', '1995-02-07', '+34883159774', 'JUV_F', 47, '2021-08-29', '0000-00-00'),
('35344857E', 'Jorge', 'López', '1988-04-24', '+34584396025', 'PRI_M', 64, '2021-12-24', '0000-00-00'),
('35662318S', 'Natalia', 'Rodríguez', '1985-08-04', '+34256877680', 'AL_F', 76, '2021-08-11', '0000-00-00'),
('35866030P', 'Leire', 'Torres', '1990-06-04', '+34762735168', 'BN_F', 27, '2023-02-22', '0000-00-00'),
('36070000K', 'Olga', 'Gutiérrez', '1997-02-12', '+34310876941', 'JUV_F', 41, '2023-04-21', '0000-00-00'),
('36286850K', 'Francisco', 'González', '1993-10-11', '+34455724396', 'BN_M', 55, '2022-10-19', '0000-00-00'),
('36627937Q', 'Andrés', 'Ramírez', '1987-10-01', '+34935459690', 'BN_M', 61, '2022-03-18', '0000-00-00'),
('36770267P', 'Pilar', 'Hernández', '1993-08-05', '+34202966098', 'PB_F', 70, '2022-03-01', '0000-00-00'),
('36951945G', 'Gisela', 'Pérez', '1986-01-10', '+34236562981', 'BN_F', 26, '2021-02-24', '0000-00-00'),
('37062565N', 'David', '', '1994-10-02', '+34751578395', 'SEG_M', 46, '2023-02-25', '0000-00-00'),
('37421938S', 'Patricia', 'López', '2000-05-26', '+34532416407', 'BN_F', 91, '2023-05-21', '0000-00-00'),
('38118602D', 'Candela', 'Merino', '1992-08-08', '+34604092932', 'PB_F', 2, '2021-02-10', '0000-00-00'),
('38342604Z', 'Laura', 'Torres', '1991-10-28', '+34311567301', 'AL_F', 61, '2022-07-13', '0000-00-00'),
('38715592F', 'Marina', 'Torres', '1990-08-28', '+34273569349', 'PRI_F', 82, '2022-04-01', '0000-00-00'),
('38872219H', 'Gabriela', 'Ramírez', '1994-12-17', '+34772858450', 'DH_F', 29, '2022-01-12', '0000-00-00'),
('39307164P', 'Fernando', 'Torres', '1986-04-28', '+34705957203', 'SEG_M', 38, '2022-05-11', '0000-00-00'),
('39468727Z', 'Mario', 'López', '1992-06-17', '+34604349721', 'CAD_M', 85, '2022-08-01', '0000-00-00'),
('39541159E', 'Rocío', 'Torres', '1992-06-12', '+34926318495', 'SEG_F', 24, '2021-10-17', '0000-00-00'),
('39818505L', 'Sara', 'Hernández', '1996-04-26', '+34902119022', 'CAD_F', 46, '2021-02-28', '0000-00-00'),
('40181266V', 'Jorge', 'García', '1988-08-14', '+34585845960', 'IF_M', 66, '2021-12-06', '0000-00-00'),
('40284834Z', 'Silvia', 'López', '1997-11-04', '+34315389611', 'BN_F', 92, '2022-06-26', '0000-00-00'),
('40506500E', 'Jimena', 'López', '1997-09-04', '+34877420739', 'AL_F', 92, '2022-01-03', '0000-00-00'),
('40616163L', 'Elsa', 'Pérez', '1994-08-16', '+34549889117', 'PRI_F', 62, '2021-06-17', '0000-00-00'),
('41134358M', 'Lourdes', 'López', '1989-12-29', '+34468039199', 'IF_F', 14, '2022-12-13', '0000-00-00'),
('41987036L', 'Diana', 'Ramírez', '1992-11-09', '+34227966170', 'PRI_F', 78, '2022-04-11', '0000-00-00'),
('42013511A', 'Elisa', 'González', '1999-01-03', '+34155145774', 'IF_F', 53, '2022-11-05', '0000-00-00'),
('42043929N', 'Leire', 'López', '1999-03-29', '+34417589416', 'IF_F', 42, '2022-07-08', '0000-00-00'),
('42085440E', 'Lourdes', 'González', '1986-03-07', '+34197541094', 'SEG_F', 3, '2021-05-12', '0000-00-00'),
('42300152H', 'Susana', 'García', '1985-01-18', '+34071560032', 'JUV_F', 89, '2021-02-25', '0000-00-00'),
('42605831L', 'Mario', 'Sánchez', '1993-07-12', '+34077667785', 'IF_M', 63, '2023-01-10', '0000-00-00'),
('42851579X', 'Carmen', 'García', '1992-09-18', '+34996491446', 'BN_F', 24, '2021-12-01', '0000-00-00'),
('42957383E', 'Diego', 'Martínez', '1990-05-21', '+34770653857', 'AL_M', 8, '2022-05-04', '0000-00-00'),
('43088102G', 'Lidia', 'Pérez', '1999-10-27', '+34894443316', 'CAD_F', 1, '2023-05-19', '0000-00-00'),
('43633180H', 'Ainhoa', 'Gutiérrez', '1986-05-25', '+34263872384', 'SEG_F', 95, '2022-03-14', '0000-00-00'),
('43793553J', 'Maite', 'Martínez', '1988-01-06', '+34297023674', 'IF_F', 85, '2022-09-15', '0000-00-00'),
('44189498R', 'Irene', 'Gutiérrez', '1986-05-27', '+34425951467', 'BN_F', 10, '2023-04-20', '0000-00-00'),
('44471018X', 'Emilio', '', '1986-12-30', '+34162469770', 'JUV_M', 24, '2021-07-08', '0000-00-00'),
('44532152B', 'Camila', 'García', '1989-11-17', '+34790860679', 'PB_F', 84, '2021-06-08', '0000-00-00'),
('45803461M', 'Adriana', 'Torres', '1996-11-18', '+34922187434', 'DH_F', 82, '2021-04-03', '0000-00-00'),
('45804718L', 'Zoe', 'González', '1995-11-28', '+34269957670', 'IF_F', 19, '2023-05-09', '0000-00-00'),
('46030612S', 'Manuel', 'González', '1991-08-07', '+34780891930', 'IF_M', 69, '2022-09-10', '0000-00-00'),
('46513762Y', 'Zoe', 'González', '1998-03-13', '+34139245760', 'PRI_F', 5, '2022-04-01', '0000-00-00'),
('46577280N', 'Mario', 'Torres', '1996-10-25', '+34021062676', 'SEG_M', 21, '2021-04-23', '0000-00-00'),
('46606030N', 'Alicia', 'Ramírez', '1993-12-31', '+34247026792', 'SEG_F', 34, '2022-01-10', '0000-00-00'),
('46733710H', 'Santiago', 'Torres', '2000-03-26', '+34680202390', 'IF_M', 31, '2021-11-09', '0000-00-00'),
('47409082T', 'Antonio', '', '1998-09-25', '+34888041994', 'DH_M', 8, '2023-02-15', '0000-00-00'),
('47511667E', 'Irene', 'González', '1985-11-12', '+34386243164', 'JUV_F', 67, '2023-01-14', '0000-00-00'),
('48096098W', 'Luis', 'Hernández', '1986-08-25', '+34798930040', 'JUV_M', 46, '2021-02-21', '0000-00-00'),
('48455005X', 'Francisco', 'Martínez', '1991-01-07', '+34222501991', 'JUV_M', 5, '2021-11-09', '0000-00-00'),
('48455706L', 'Naiara', 'Ramírez', '1996-06-15', '+34560701551', 'AL_F', 32, '2022-11-07', '0000-00-00'),
('49053372G', 'Fátima', 'Merino', '1987-10-20', '+34424369841', 'CAD_F', 16, '2022-12-12', '0000-00-00'),
('49170425A', 'Francisco', 'Martínez', '1994-08-03', '+34563102505', 'PRI_M', 18, '2021-12-30', '0000-00-00'),
('49251648Q', 'María', 'Merino', '1989-07-24', '+34085009119', 'PB_F', 88, '2022-08-29', '0000-00-00'),
('49401392Q', 'Emilio', 'Martínez', '1990-03-21', '+34448523109', 'CAD_M', 1, '2021-10-28', '0000-00-00'),
('49420211M', 'Carlos', 'Sánchez', '1987-07-27', '+34991985422', 'AL_M', 24, '2023-05-28', '0000-00-00'),
('49738784P', 'Diego', 'Torres', '1994-05-22', '+34331636474', 'JUV_M', 46, '2022-07-12', '0000-00-00'),
('50587326N', 'Santiago', 'García', '1997-11-16', '+34699455072', 'JUV_M', 34, '2023-04-26', '0000-00-00'),
('50705479J', 'Isabella', 'Merino', '1991-12-25', '+34348889496', 'PB_F', 83, '2021-01-30', '0000-00-00'),
('50716550W', 'Lucía', 'Hernández', '1991-09-07', '+34027816839', 'CAD_F', 23, '2021-07-31', '0000-00-00'),
('50790238N', 'Diego', 'Ramírez', '1996-06-23', '+34112430651', 'BN_M', 36, '2021-04-10', '0000-00-00'),
('50915171N', 'Rafael', 'Sánchez', '1990-05-30', '+34097848604', 'CAD_M', 64, '2022-09-01', '0000-00-00'),
('51281448L', 'Lucía', 'Hernández', '1988-02-08', '+34825719025', 'SEG_F', 78, '2022-07-11', '0000-00-00'),
('52219890Z', 'Rafael', 'Sánchez', '1987-10-04', '+34525648056', 'PB_M', 9, '0000-00-00', '0000-00-00'),
('52618251N', 'Miguel', 'García', '1997-10-10', '+34384211724', 'DH_M', 12, '2021-08-13', '0000-00-00'),
('52877984S', 'Lourdes', 'Torres', '1985-02-19', '+34393651569', 'AL_F', 71, '2021-07-28', '0000-00-00'),
('53057677W', 'Susana', 'Gutiérrez', '1990-01-19', '+34922722516', 'JUV_F', 79, '2022-10-14', '0000-00-00'),
('53065956R', 'Lola', 'Gutiérrez', '1999-06-25', '+34842663554', 'CAD_F', 80, '2023-03-03', '0000-00-00'),
('53138083V', 'Adriana', 'Martínez', '1987-04-15', '+34632939834', 'JUV_F', 32, '2022-10-22', '0000-00-00'),
('53361756B', 'Berta', 'Pérez', '1985-10-02', '+34894291208', 'PB_F', 62, '2022-06-06', '0000-00-00'),
('53653964K', 'Beatriz', 'Rodríguez', '1991-08-09', '+34593170773', 'JUV_F', 37, '2021-12-22', '0000-00-00'),
('53888006N', 'Luis', 'Torres', '1995-06-14', '+34451742132', 'AL_M', 67, '2022-09-21', '0000-00-00'),
('53959383R', 'Tania', 'Pérez', '1991-07-15', '+34625116294', 'PRI_F', 25, '2022-01-25', '0000-00-00'),
('54247559B', 'Javier', 'López', '1992-03-05', '+34882126190', 'CAD_M', 66, '2021-01-20', '0000-00-00'),
('54455362Q', 'Gisela', 'Hernández', '1991-08-31', '+34955281732', 'BN_F', 30, '2021-06-03', '0000-00-00'),
('54557589H', 'Carla', 'Sánchez', '1988-06-12', '+34511493769', 'CAD_F', 72, '2022-02-08', '0000-00-00'),
('54794601K', 'Mario', 'García', '1998-12-19', '+34723962026', 'SEG_M', 47, '2022-12-15', '0000-00-00'),
('54803606P', 'Diego', 'Torres', '1998-11-22', '+34464615727', 'PRI_M', 69, '2023-04-05', '0000-00-00'),
('54955737Y', 'Irene', 'Ramírez', '1987-10-08', '+34857757241', 'IF_F', 37, '2021-01-17', '0000-00-00'),
('55281121T', 'Maite', 'Gutiérrez', '1989-12-18', '+34111891508', 'IF_F', 20, '2021-06-18', '0000-00-00'),
('55385289Y', 'Rafael', 'Ramírez', '1994-12-25', '+34821808862', 'PRI_M', 33, '2021-06-28', '0000-00-00'),
('55514965H', 'Miguel', 'López', '1999-07-25', '+34540235704', 'PB_M', 12, '0000-00-00', '0000-00-00'),
('56315297Q', 'Natalia', 'García', '1985-05-02', '+34766744591', 'CAD_F', 33, '2021-01-16', '0000-00-00'),
('57023358Y', 'Jorge', 'Pérez', '1998-12-18', '+34794743153', 'PRI_M', 17, '2021-07-02', '0000-00-00'),
('57059903W', 'David', 'López', '1999-08-28', '+34507358524', 'AL_M', 50, '2021-02-01', '0000-00-00'),
('57174307E', 'Javier', 'Torres', '1993-02-22', '+34433506445', 'CAD_M', 54, '2022-11-10', '0000-00-00'),
('57808003N', 'Mercedes', 'Merino', '1997-09-23', '+34815927141', 'PB_F', 56, '2023-01-15', '0000-00-00'),
('57821112J', 'Elsa', 'López', '1992-01-18', '+34007566998', 'BN_F', 10, '2022-06-16', '0000-00-00'),
('58196553F', 'Rosa', 'Sánchez', '1989-01-21', '+34277168349', 'JUV_F', 79, '2022-02-08', '0000-00-00'),
('58404931V', 'Rosa', 'López', '1989-01-05', '+34515521370', 'SEG_F', 46, '2023-05-16', '0000-00-00'),
('58496324V', 'Noelia', 'Jimeno', '1994-10-14', '+34117941405', 'JUV_F', 32, '2021-09-17', '0000-00-00'),
('58513266S', 'Esther', 'Gutiérrez', '1994-05-09', '+34417498281', 'DH_F', 70, '2023-02-24', '0000-00-00'),
('58667238S', 'David', 'Martínez', '1997-04-30', '+34591741556', 'BN_M', 94, '2021-02-23', '0000-00-00'),
('59208026K', 'Jorge', 'Hernández', '1989-12-20', '+34903658433', 'CAD_M', 61, '2022-04-18', '0000-00-00'),
('59274624Z', 'Mario', 'Martínez', '1991-03-15', '+34345309250', 'PRI_M', 51, '2022-04-04', '0000-00-00'),
('59453249R', 'Mercedes', 'González', '1986-01-05', '+34487873865', 'SEG_F', 13, '2021-10-31', '0000-00-00'),
('59924027A', 'Fernando', 'Ramírez', '1998-06-17', '+34520716191', 'AL_M', 20, '2021-05-21', '0000-00-00'),
('59980757L', 'Andrés', 'Hernández', '1997-03-20', '+34497627095', 'CAD_M', 66, '2022-11-03', '0000-00-00'),
('60154212L', 'Mario', 'López', '1989-07-18', '+34288175367', 'BN_M', 21, '2023-03-04', '0000-00-00'),
('60386056T', 'José', 'Jimeno', '1999-09-09', '+34878376390', 'DH_M', 89, '2021-10-16', '0000-00-00'),
('60394304C', 'Francisco', 'Martínez', '1992-02-11', '+34283966609', 'IF_M', 26, '2021-11-26', '0000-00-00'),
('60660822Q', 'Beatriz', 'Ramírez', '1994-02-23', '+34869796760', 'PRI_F', 74, '2021-02-01', '0000-00-00'),
('60674916Y', 'Ainhoa', 'Sánchez', '1986-01-21', '+34973828334', 'CAD_F', 43, '2022-12-03', '0000-00-00'),
('60727920J', 'Miguel', 'García', '1994-12-04', '+34222019930', 'PB_M', 55, '0000-00-00', '0000-00-00'),
('60867992X', 'Pedro', 'González', '1989-05-30', '+34754283457', 'BN_M', 12, '2021-05-27', '0000-00-00'),
('60951303P', 'Verónica', 'Jimeno', '1992-05-26', '+34074343140', 'JUV_F', 43, '2022-06-30', '0000-00-00'),
('61016749H', 'Jorge', 'Torres', '1987-05-06', '+34716277419', 'IF_M', 19, '2023-04-01', '0000-00-00'),
('61290314C', 'Sonia', 'López', '1992-05-22', '+34223406513', 'AL_F', 25, '2023-02-24', '0000-00-00'),
('61306355A', 'Antonio', 'Torres', '1989-07-13', '+34466399770', 'CAD_M', 12, '2021-10-21', '0000-00-00'),
('61707574Q', 'Jorge', 'Rodríguez', '1999-06-02', '+34172373045', 'IF_M', 82, '2022-12-15', '0000-00-00'),
('62147416L', 'Emilio', 'Ramírez', '2000-07-25', '+34905298261', 'AL_M', 66, '2022-01-14', '0000-00-00'),
('62620539H', 'José', 'Hernández', '1986-09-16', '+34962501451', 'IF_M', 63, '2022-08-01', '0000-00-00'),
('62848796W', 'Alicia', 'Jimeno', '1997-04-02', '+34729116327', 'AL_F', 83, '2022-04-12', '0000-00-00'),
('63498972P', 'Juan', 'Sánchez', '1993-04-04', '+34658467504', 'JUV_M', 61, '2023-05-02', '0000-00-00'),
('63636919L', 'Mario', '', '2000-05-09', '+34255328733', 'PRI_M', 42, '2023-02-05', '0000-00-00'),
('63767682K', 'Santiago', 'Jimeno', '1992-07-13', '+34305898899', 'JUV_M', 38, '2023-03-18', '0000-00-00'),
('63773171Z', 'Miguel', 'García', '1996-07-25', '+34756253575', 'JUV_M', 58, '2022-11-10', '0000-00-00'),
('64274110V', 'Mario', 'González', '1985-11-18', '+34515496755', 'AL_M', 19, '2022-02-12', '0000-00-00'),
('64371398L', 'Elisa', 'Gutiérrez', '1989-08-21', '+34646386060', 'BN_F', 66, '2023-04-12', '0000-00-00'),
('64852529W', 'José', 'García', '2000-09-25', '+34108956384', 'CAD_M', 2, '2022-10-12', '0000-00-00'),
('65718286Z', 'Sofía', 'García', '1995-03-27', '+34484723121', 'BN_F', 80, '2023-04-30', '0000-00-00'),
('65756532Y', 'Maite', 'Merino', '1998-08-10', '+34107894607', 'SEG_F', 4, '2021-07-31', '0000-00-00'),
('66113672P', 'Camila', 'Torres', '1988-10-06', '+34497167124', 'SEG_F', 38, '2021-10-01', '0000-00-00'),
('66344842G', 'Santiago', 'Ramírez', '1988-10-30', '+34304403767', 'CAD_M', 82, '2021-05-19', '0000-00-00'),
('67046907T', 'Francisco', 'González', '1988-12-19', '+34141974140', 'AL_M', 87, '2022-09-26', '0000-00-00'),
('67077535G', 'Celia', 'Pérez', '1985-10-08', '+34332509154', 'PB_F', 18, '2023-02-25', '0000-00-00'),
('67095053J', 'Rocío', 'Sánchez', '1994-05-04', '+34834471176', 'PB_F', 63, '2021-05-21', '0000-00-00'),
('67278035W', 'Manuel', 'Pérez', '1994-02-21', '+34676774873', 'DH_M', 43, '2021-01-19', '0000-00-00'),
('67548840R', 'Ariadna', 'López', '1989-01-13', '+34792225988', 'DH_F', 87, '2021-01-06', '0000-00-00'),
('68097033F', 'Andrés', 'Martínez', '1995-02-22', '+34823808945', 'PB_M', 23, '0000-00-00', '0000-00-00'),
('68192565Y', 'Luna', 'Hernández', '1990-10-05', '+34394989903', 'IF_F', 42, '2022-05-06', '0000-00-00'),
('68417729Z', 'Carlos', 'Ramírez', '1987-08-20', '+34793738868', 'AL_M', 85, '2022-03-20', '0000-00-00'),
('68445783J', 'Diego', '', '1989-02-17', '+34251373358', 'JUV_M', 28, '2021-07-03', '0000-00-00'),
('68802559V', 'Santiago', 'Torres', '1999-08-29', '+34036815677', 'IF_M', 90, '2021-05-12', '0000-00-00'),
('68928039C', 'Javier', 'García', '1994-07-18', '+34206828246', 'PB_M', 34, '0000-00-00', '0000-00-00'),
('68984697T', 'Miguel', 'Jimeno', '1998-07-09', '+34241694210', 'SEG_M', 44, '2022-12-10', '0000-00-00'),
('69041478T', 'Sandra', 'Pérez', '1987-09-20', '+34780606986', 'PRI_F', 12, '2022-06-03', '0000-00-00'),
('69045648P', 'Fernando', 'López', '1985-05-14', '+34684983400', 'SEG_M', 78, '2021-11-20', '0000-00-00'),
('69568964D', 'Lucía', 'Martínez', '1999-12-27', '+34814086505', 'IF_F', 1, '2022-03-29', '0000-00-00'),
('69699935W', 'Andrés', 'Hernández', '1986-02-22', '+34705343035', 'PB_M', 20, '0000-00-00', '0000-00-00'),
('70264917G', 'Laura', 'Hernández', '1992-02-01', '+34155739234', 'CAD_F', 25, '2023-04-15', '0000-00-00'),
('70505416P', 'Beatriz', 'García', '1985-10-05', '+34198140475', 'BN_F', 55, '2021-07-21', '0000-00-00'),
('71035097P', 'Fernando', 'Jimeno', '1996-08-15', '+34680327981', 'SEG_M', 48, '2021-08-19', '0000-00-00'),
('71736028M', 'Emilio', 'González', '1995-06-29', '+34951243797', 'AL_M', 41, '2023-01-31', '0000-00-00'),
('72158362M', 'Celia', 'Jimeno', '1996-01-13', '+34324409543', 'BN_F', 79, '2023-03-20', '0000-00-00'),
('72558441T', 'Luis', 'González', '1988-07-10', '+34394232941', 'JUV_M', 77, '2021-03-19', '0000-00-00'),
('72666575T', 'Rosa', 'Hernández', '1995-03-04', '+34724654393', 'DH_F', 19, '2023-03-29', '0000-00-00'),
('72818540X', 'Fernando', 'Pérez', '1992-11-02', '+34790879740', 'IF_M', 12, '2021-09-01', '0000-00-00'),
('72952036B', 'Rosa', 'Hernández', '1991-02-17', '+34437956659', 'SEG_F', 97, '2021-12-06', '0000-00-00'),
('73409061K', 'Aurora', 'García', '1994-11-14', '+34997178926', 'CAD_F', 75, '2021-01-20', '0000-00-00'),
('73693462P', 'Miguel', 'García', '1992-12-04', '+34802983067', 'IF_M', 64, '2021-02-19', '0000-00-00'),
('73708945B', 'Manuel', 'Pérez', '1985-07-03', '+34943926710', 'JUV_M', 30, '2022-12-19', '0000-00-00'),
('74210180X', 'Rafael', 'López', '1991-03-06', '+34720446789', 'DH_M', 61, '2022-06-20', '0000-00-00'),
('75912215N', 'Inés', 'Gutiérrez', '1985-07-04', '+34838685240', 'DH_F', 22, '2022-05-20', '0000-00-00'),
('76095264W', 'Santiago', 'Pérez', '1990-03-29', '+34534303386', 'CAD_M', 37, '2021-03-12', '0000-00-00'),
('76670421Z', 'Valentina', 'García', '1989-11-15', '+34658315436', 'PB_F', 21, '2023-01-31', '0000-00-00'),
('76959353A', 'Emilio', 'García', '1993-02-04', '+34842546441', 'PRI_M', 27, '2021-09-18', '0000-00-00'),
('77875455W', 'Javier', 'Rodríguez', '1995-08-08', '+34785952195', 'BN_M', 90, '2021-01-11', '0000-00-00'),
('77966510J', 'José', 'González', '1993-06-20', '+34861504287', 'CAD_M', 55, '2023-04-17', '0000-00-00'),
('78791859G', 'Pedro', 'Rodríguez', '2000-04-03', '+34865578750', 'DH_M', 44, '2021-01-26', '0000-00-00'),
('78807533Q', 'Teresa', 'Merino', '1995-05-02', '+34342369342', 'SEG_F', 7, '2023-04-15', '0000-00-00'),
('78809097P', 'Carlos', 'García', '1986-07-04', '+34178796707', 'SEG_M', 55, '2023-02-04', '0000-00-00'),
('78975938N', 'Lidia', 'Martínez', '1990-12-20', '+34264548636', 'PRI_F', 97, '2021-09-23', '0000-00-00'),
('79103129M', 'Carlos', 'Torres', '1995-01-07', '+34181373790', 'CAD_M', 53, '2021-04-26', '0000-00-00'),
('79104934H', 'Julia', 'Ramírez', '1993-06-11', '+34460971769', 'CAD_F', 45, '2022-04-04', '0000-00-00'),
('79888085Q', 'Jorge', 'Martínez', '1988-11-14', '+34713476472', 'AL_M', 54, '2022-08-20', '0000-00-00'),
('80011357Y', 'Diego', 'Sánchez', '1987-03-08', '+34789524300', 'CAD_M', 92, '2022-12-30', '0000-00-00'),
('80567451C', 'Rebeca', 'Ramírez', '1990-11-08', '+34590624467', 'JUV_F', 80, '2022-05-31', '0000-00-00'),
('80858124Z', 'Sandra', 'García', '1995-05-12', '+34330667805', 'IF_F', 23, '2023-03-23', '0000-00-00'),
('81138566V', 'Camila', 'Sánchez', '1987-12-26', '+34129950681', 'CAD_F', 22, '2023-05-30', '0000-00-00'),
('81234177S', 'Susana', 'Rodríguez', '1990-02-05', '+34210221456', 'PRI_F', 33, '2021-09-18', '0000-00-00'),
('81499488B', 'Emilio', 'Ramírez', '1992-05-27', '+34222661149', 'JUV_M', 38, '2021-08-28', '0000-00-00'),
('82168619T', 'Santiago', 'Hernández', '1994-04-23', '+34259805091', 'SEG_M', 70, '2023-03-18', '0000-00-00'),
('82520195B', 'Santiago', 'García', '1995-02-09', '+34290574084', 'AL_M', 41, '2021-04-06', '0000-00-00'),
('82728807E', 'Mireia', 'Gutiérrez', '1987-06-22', '+34470849601', 'PRI_F', 38, '2022-06-29', '0000-00-00'),
('82752136W', 'Olga', 'Ramírez', '1994-02-25', '+34188442580', 'JUV_F', 18, '2021-12-12', '0000-00-00'),
('82801478W', 'Andrés', 'Jimeno', '1986-09-25', '+34225614810', 'DH_M', 25, '2021-03-09', '0000-00-00'),
('83010976H', 'Jorge', 'Sánchez', '1992-09-20', '+34751160486', 'PB_M', 10, '0000-00-00', '0000-00-00'),
('83205874L', 'Andrés', 'Jimeno', '1992-10-07', '+34294124802', 'SEG_M', 98, '2021-05-18', '0000-00-00'),
('83374065R', 'Diego', '', '1986-05-18', '+34607079731', 'DH_M', 75, '2021-08-09', '0000-00-00'),
('83415538N', 'Javier', 'Torres', '1990-02-15', '+34685237264', 'SEG_M', 90, '2021-05-11', '0000-00-00'),
('83462294C', 'Miguel', 'Ramírez', '1994-02-16', '+34919525612', 'PB_M', 42, '0000-00-00', '0000-00-00'),
('83818170Z', 'Pedro', 'Ramírez', '1995-01-04', '+34005988123', 'DH_M', 17, '2022-12-09', '0000-00-00'),
('84098700X', 'Daniela', 'González', '1987-09-18', '+34764505418', 'IF_F', 68, '2022-02-17', '0000-00-00'),
('84415730W', 'Jimena', 'Gutiérrez', '1986-01-11', '+34382022153', 'PB_F', 34, '2021-06-13', '0000-00-00'),
('85139519M', 'Manuel', 'Torres', '1998-07-16', '+34498897454', 'BN_M', 81, '2022-06-28', '0000-00-00'),
('85471301L', 'Emma', 'Torres', '1995-03-12', '+34696601181', 'DH_F', 80, '2022-01-14', '0000-00-00'),
('86426212A', 'David', 'García', '1993-01-21', '+34785579916', 'PB_M', 42, '0000-00-00', '0000-00-00'),
('86458595D', 'Luis', 'Sánchez', '1991-04-03', '+34586625826', 'SEG_M', 78, '2022-10-05', '0000-00-00'),
('86596443L', 'Sara', 'García', '1989-11-12', '+34925913731', 'CAD_F', 88, '2023-03-19', '0000-00-00'),
('87448755J', 'Luna', 'Merino', '1989-02-06', '+34125284514', 'PB_F', 40, '2023-01-17', '0000-00-00'),
('88038151Z', 'Mario', 'López', '1987-08-10', '+34646939561', 'PRI_M', 91, '2022-04-11', '0000-00-00'),
('88486831K', 'Silvia', 'Gutiérrez', '1986-01-30', '+34002750062', 'JUV_F', 87, '2021-03-05', '0000-00-00'),
('88535786H', 'Pedro', 'Jimeno', '1985-10-22', '+34293265926', 'JUV_M', 73, '2022-03-30', '0000-00-00'),
('88865346Z', 'Pablo', 'Martínez', '1997-07-09', '+34291337438', 'PRI_M', 39, '2022-12-17', '0000-00-00'),
('89049953Y', 'Rosa', 'Hernández', '2000-02-22', '+34593094400', 'PB_F', 47, '2021-12-15', '0000-00-00'),
('89263035B', 'Jorge', 'Sánchez', '1992-01-07', '+34576868954', 'SEG_M', 6, '2022-04-14', '0000-00-00'),
('89366445Z', 'Pilar', 'González', '1986-12-15', '+34823859081', 'PB_F', 31, '2023-05-22', '0000-00-00'),
('89548833S', 'Teresa', 'Rodríguez', '1987-10-02', '+34404232475', 'BN_F', 68, '2022-04-13', '0000-00-00'),
('89611974B', 'Elena', 'López', '1991-09-08', '+34596765862', 'DH_F', 97, '2022-08-27', '0000-00-00'),
('89721335D', 'Luis', 'Martínez', '1985-08-18', '+34657177355', 'SEG_M', 29, '2021-02-14', '0000-00-00'),
('90169808R', 'Emilio', 'Pérez', '1986-11-29', '+34170586308', 'PRI_M', 79, '2021-06-28', '0000-00-00'),
('90374058P', 'Juan', 'Martínez', '1992-09-16', '+34030042247', 'DH_M', 57, '2022-08-03', '0000-00-00'),
('90426822R', 'Miriam', 'Sánchez', '1986-01-02', '+34221245253', 'SEG_F', 11, '2021-12-26', '0000-00-00'),
('90833467H', 'Manuel', 'Pérez', '1996-12-13', '+34273255595', 'JUV_M', 75, '2023-04-02', '0000-00-00'),
('91022242S', 'Jorge', 'Torres', '1999-11-02', '+34120015339', 'DH_M', 21, '2021-06-25', '0000-00-00'),
('91191498L', 'Silvia', 'Sánchez', '1995-05-21', '+34422388715', 'DH_F', 50, '2021-07-14', '0000-00-00'),
('91324897Q', 'Gisela', 'González', '1987-12-31', '+34532477361', 'JUV_F', 63, '2022-12-26', '0000-00-00'),
('91352214P', 'Miguel', 'González', '1998-07-03', '+34209661987', 'AL_M', 79, '2021-07-27', '0000-00-00'),
('91595407M', 'Rebeca', 'Sánchez', '1989-01-02', '+34545365761', 'DH_F', 80, '2021-04-10', '0000-00-00'),
('91623716R', 'Zoe', 'López', '1985-05-13', '+34840077034', 'PB_F', 2, '2023-06-08', '0000-00-00'),
('91655400F', 'Aurora', 'Hernández', '1993-11-27', '+34201028395', 'SEG_F', 79, '2021-11-16', '0000-00-00'),
('92537590Y', 'Celia', 'Jimeno', '1985-01-28', '+34435297891', 'DH_F', 34, '2021-12-23', '0000-00-00'),
('92909447D', 'Emma', 'García', '1986-11-20', '+34804871965', 'BN_F', 56, '2022-09-23', '0000-00-00'),
('92936408H', 'Elena', 'Merino', '1989-08-13', '+34320263826', 'SEG_F', 18, '2022-09-18', '0000-00-00'),
('93067123T', 'Mercedes', 'Martínez', '1987-03-29', '+34700600180', 'BN_F', 1, '2021-03-27', '0000-00-00'),
('93271458P', 'Diego', '', '1990-04-12', '+34185105931', 'CAD_M', 19, '2022-07-07', '0000-00-00'),
('93578796X', 'Fernando', 'Pérez', '1997-12-16', '+34901219520', 'PRI_M', 41, '2022-08-02', '0000-00-00'),
('93812595Z', 'Miguel', 'García', '1995-10-19', '+34084187578', 'DH_M', 62, '2021-09-23', '0000-00-00'),
('93867799T', 'Lucía', 'Hernández', '1996-02-15', '+34784805958', 'DH_F', 34, '2023-04-30', '0000-00-00'),
('93919977K', 'Carlos', 'Ramírez', '1994-10-02', '+34695383547', 'BN_M', 11, '2023-01-07', '0000-00-00'),
('94714875E', 'Alba', 'Rodríguez', '1999-08-22', '+34461594631', 'JUV_F', 67, '2021-08-16', '0000-00-00'),
('94828081M', 'Pablo', 'García', '2000-01-06', '+34665808197', 'PB_M', 48, '0000-00-00', '0000-00-00'),
('94846837X', 'Mario', 'Martínez', '1993-02-26', '+34693810476', 'DH_M', 67, '2021-12-13', '0000-00-00'),
('94997340Q', 'Ana', 'Hernández', '1988-05-27', '+34614265813', 'AL_F', 21, '2023-01-15', '0000-00-00'),
('95637780N', 'Rocío', 'García', '1991-04-15', '+34443600733', 'AL_F', 44, '2022-12-19', '0000-00-00'),
('96314055Y', 'Verónica', 'Gutiérrez', '1999-06-13', '+34499972815', 'AL_F', 37, '2022-03-20', '0000-00-00'),
('96406522Z', 'Manuel', 'García', '1995-09-09', '+34888565560', 'PRI_M', 88, '2022-11-19', '0000-00-00'),
('96659460G', 'Valentina', 'González', '1999-04-07', '+34235169901', 'AL_F', 58, '2022-02-10', '0000-00-00'),
('97169187M', 'David', 'Torres', '1997-06-10', '+34738518685', 'IF_M', 98, '2023-01-23', '0000-00-00'),
('97867268G', 'Rafael', 'Pérez', '1994-10-30', '+34609327921', 'AL_M', 17, '2021-10-24', '0000-00-00'),
('98152779Q', 'Alba', 'Sánchez', '1989-09-29', '+34115472176', 'CAD_F', 19, '2023-02-21', '0000-00-00'),
('98210554N', 'Patricia', 'Torres', '1986-04-02', '+34533052741', 'PRI_F', 73, '2021-04-03', '0000-00-00'),
('98263301Q', 'Emilio', 'González', '1985-06-13', '+34259877157', 'BN_M', 92, '2021-04-21', '0000-00-00'),
('98572540H', 'Andrés', 'Martínez', '1985-08-06', '+34988806189', 'PB_M', 70, '0000-00-00', '0000-00-00'),
('98693922A', 'Santiago', 'Hernández', '1989-08-04', '+34618059003', 'SEG_M', 6, '2021-08-19', '0000-00-00'),
('98927169G', 'Andrés', 'Torres', '2000-10-06', '+34998080830', 'JUV_M', 43, '2022-05-13', '0000-00-00'),
('99155372R', 'Carlos', 'Rodríguez', '1987-03-18', '+34898041237', 'PB_M', 56, '0000-00-00', '0000-00-00'),
('99310965W', 'Luis', 'Torres', '1988-10-23', '+34602580551', 'PRI_M', 31, '2021-07-12', '0000-00-00'),
('99948237M', 'Carmen', 'Pérez', '2000-06-09', '+34294597310', 'DH_F', 74, '2022-10-02', '0000-00-00');

-- 
-- Dumping data for table telefonos
--
INSERT INTO telefonos VALUES
(2, '12345678A', '+34601234567'),
(22, '34567890C', '+34601234567'),
(12, '34567891B', '+34601234567'),
(3, '12345678C', '+34612345678'),
(23, '35971246H', '+34612345678'),
(13, '45678912T', '+34612345678'),
(4, '12345678V', '+34623456789'),
(24, '45678901D', '+34623456789'),
(14, '53789653W', '+34623456789'),
(5, '19876543A', '+34634567890'),
(25, '46983214E', '+34634567890'),
(15, '60523417P', '+34634567890'),
(6, '23456789B', '+34645678901'),
(16, '67893456K', '+34645678901'),
(17, '12345678B', '+34656789012'),
(7, '23456789K', '+34656789012'),
(18, '23456789C', '+34667890123'),
(8, '23456789S', '+34667890123'),
(1, '04587241F', '+34678901234'),
(9, '23456789W', '+34678901234'),
(19, '25836914F', '+34678901234'),
(10, '23878716B', '+34689012345'),
(20, '25836945J', '+34689012345'),
(21, '29876654D', '+34690123456'),
(11, '34567890J', '+34690123456');

-- 
-- Dumping data for table patrocinadores
--
INSERT INTO patrocinadores VALUES
(16, 'dromedario', 10000.00000, '12345678A'),
(17, 'solares', 5000.00000, '34567890C'),
(18, 'zonafrancia', 15000.00000, '12345678A'),
(19, 'unicaja', 42000.00000, '12345678A'),
(20, 'iberdrola', 12000.00000, '12345678A');

-- 
-- Dumping data for table noticias
--
INSERT INTO noticias VALUES
(1, 'PlayOffs', 'El SardineroHC asegura su pase a los playoffs después de una impresionante racha de victorias. El equipo demostró un juego ofensivo excepcional y una defensa sólida, liderados por su capitán, quien anotó el gol de la victoria en el último partido de la temporada regular. Los aficionados están entusiasmados y esperan ansiosos los emocionantes enfrentamientos en los playoffs.'),
(2, 'Nuevo entrenador ', 'El club anuncia la incorporación de un nuevo entrenador principal. Después de una exhaustiva búsqueda, el club contrató a un experimentado estratega con un historial impresionante en el deporte. El nuevo entrenador está decidido a llevar al equipo a nuevas alturas y trabajar en estrecha colaboración con los jugadores para mejorar su rendimiento en el hielo. Los aficionados están emocionados por esta nueva etapa y tienen grandes expectativas para la próxima temporada.'),
(3, 'Colaboracion', 'se une a la comunidad para una noble causa. En colaboración con organizaciones benéficas locales, el equipo organizó un evento solidario para recaudar fondos en apoyo a la investigación del cáncer infantil. Los jugadores se involucraron activamente, visitando hospitales y pasando tiempo con los jóvenes pacientes. El evento fue un gran éxito, no solo en términos de donaciones, sino también en la conciencia que se generó sobre la importancia de la investigación médica en este campo.\r\n');

-- 
-- Dumping data for table juegan
--
-- Table sardinerohc.juegan does not contain any data (it is empty)

-- 
-- Dumping data for table horarioentrenamientos
--
INSERT INTO horarioentrenamientos VALUES
(2, '2', '15:30:00', '20:00:00', 'AL_F'),
(6, '4', '16:00:00', '18:30:00', 'AL_F');

-- 
-- Dumping data for table entrenadores
--
INSERT INTO entrenadores VALUES
('02636357H', 'Ana', 'García', '1988-02-17', '+34 931465038', 1304, 'PRI_F', '34567890C'),
('05733700P', 'Diego', 'González', '1994-08-03', '+34865195592', 1781, 'CAD_F', '34567890C'),
('06473743V', 'Javier', 'Hernández', '1994-05-22', '+34707653438', 1921, 'IF_F', '34567890C'),
('13770296L', 'Isabel', 'Torres', '1993-02-05', '+34609745274', 1757, 'AL_F', '34567890C'),
('15352056S', 'Sofía', 'Ramírez', '1995-10-27', '+34315904879', 1554, 'AL_F', '34567890C'),
('23975581E', 'Lucía', 'Martínez', '1994-11-04', '+34867126225', 1312, 'DH_M', '34567890C'),
('24142135K', 'Raquel', 'González', '1985-01-28', '+34983880287', 1423, 'JUV_F', '34567890C'),
('26696579H', 'Sofía', 'Ramírez', '1990-03-30', '+34876784227', 1397, 'IF_F', '34567890C'),
('28227048K', 'Pedro', 'Ramírez', '1991-05-22', '+34240994689', 1987, 'AL_M', '34567890C'),
('29352686W', 'Carmen', 'Sánchez', '1989-12-06', '+34580373180', 1115, 'AL_M', '34567890C'),
('37227650A', 'Carmen', 'García', '1985-09-25', '+34761399757', 1657, 'BN_F', '34567890C'),
('39602846E', 'Laura', 'Sánchez', '1989-08-16', '+34780139279', 1173, 'SEG_F', '34567890C'),
('40120803R', 'José', 'López', '1995-08-17', '+34800243311', 1182, 'BN_F', '34567890C'),
('43370723H', 'Ana', 'González', '1991-10-04', '+34881998836', 1863, 'PRI_M', '34567890C'),
('43757360Q', 'Carlos', 'García', '1996-09-28', '+34687434307', 1047, 'DH_M', '34567890C'),
('44202303W', 'Javier', 'Ramírez', '1993-04-07', '+34903884011', 1921, 'SEG_M', '34567890C'),
('49999480K', 'Diego', 'González', '1993-01-02', '+34515076835', 1479, 'IF_M', '34567890C'),
('51752877C', 'Carmen', 'Pérez', '1985-09-28', '+34550637451', 1912, 'PB_F', '34567890C'),
('54708928E', 'Lucía', 'Hernández', '1987-01-31', '+34598141132', 1361, 'PB_M', '34567890C'),
('56333411V', 'Carlos', 'Rodríguez', '2000-09-24', '+34269816735', 1168, 'PB_F', '34567890C'),
('57298439Q', 'Javier', 'Hernández', '1990-05-12', '+34631531743', 1336, 'IF_M', '34567890C'),
('57372509J', 'José', 'Hernández', '1993-12-01', '+34112214617', 1527, 'DH_F', '34567890C'),
('64106982N', 'Lucía', 'Hernández', '1989-08-30', '+34468087932', 1356, 'SEG_F', '34567890C'),
('65946643M', 'Laura', 'Hernández', '1995-09-02', '+34072188360', 1033, 'BN_M', '34567890C'),
('71927485Q', 'Miguel', 'González', '1995-03-03', '+34490248417', 1706, 'DH_F', '34567890C'),
('73479522N', 'Sofía', 'García', '1990-08-29', '+34411534001', 1599, 'BN_M', '34567890C'),
('74232567Y', 'Pablo', 'López', '1987-12-04', '+34150196852', 1229, 'BN_M', '34567890C'),
('76411698M', 'Laura', 'López', '2000-03-02', '+34076553401', 1661, 'PRI_M', '34567890C'),
('78687773Y', 'Carmen', 'González', '1985-01-28', '+34125000019', 1589, 'PRI_F', '34567890C'),
('82214992K', 'Juan', 'Ramírez', '1985-12-27', '+34414608963', 1451, 'CAD_F', '34567890C'),
('82493606B', 'José', 'López', '1997-10-21', '+34451988732', 1358, 'CAD_M', '34567890C'),
('87853243H', 'Lucía', 'Rodríguez', '1996-12-28', '+34605410177', 1947, 'CAD_M', '34567890C'),
('89188607T', 'José', 'Hernández', '1985-04-06', '+34950563070', 1968, 'JUV_M', '34567890C'),
('95908962H', 'Javier', 'Martínez', '1993-02-04', '+34957866920', 1944, 'SEG_M', '34567890C'),
('96453634S', 'Pablo', 'Sánchez', '2000-06-25', '+34972100860', 1227, 'JUV_M', '34567890C'),
('99649189T', 'Diego', 'Martínez', '1988-05-22', '+34319985240', 1722, 'PB_M', '34567890C');

-- 
-- Dumping data for table cuotas
--
INSERT INTO cuotas VALUES
(1, 'pago cuota', 'trasferencia', 379, '07625236D'),
(3, 'pago cuota', 'visa', 272, '18657192B'),
(4, 'pago cuota', 'visa', 245, '19243858Q'),
(5, 'pago cuota', 'mastercard', 375, '13342865C'),
(8, 'pago cuota', 'paypal', 379, '94997340Q'),
(9, 'pago cuota', 'paypal', 324, '67046907T'),
(10, 'pago cuota', 'paypal', 275, '53888006N'),
(11, 'pago cuota', 'visa', 251, '96314055Y'),
(13, 'pago cuota', 'paypal', 288, '40506500E'),
(15, 'pago cuota', 'mastercard', 359, '16596063Q'),
(16, 'pago cuota', 'paypal', 301, '17955871W'),
(17, 'pago cuota', 'mastercard', 346, '59924027A'),
(19, 'pago cuota', 'visa', 354, '13342865C'),
(20, 'pago cuota', 'visa', 209, '13350272F'),
(21, 'pago cuota', 'paypal', 240, '49420211M'),
(22, 'pago cuota', 'visa', 347, '53888006N'),
(23, 'pago cuota', 'mastercard', 282, '96314055Y'),
(24, 'pago cuota', 'trasferencia', 373, '00305644S'),
(25, 'pago cuota', 'mastercard', 327, '36951945G'),
(26, 'pago cuota', 'trasferencia', 201, '40506500E'),
(27, 'pago cuota', 'paypal', 293, '13342865C'),
(28, 'pago cuota', 'paypal', 357, '64274110V'),
(29, 'pago cuota', 'paypal', 298, '42851579X'),
(31, 'pago cuota', 'trasferencia', 375, '16596063Q'),
(32, 'pago cuota', 'paypal', 287, '82520195B'),
(33, 'pago cuota', 'mastercard', 278, '95637780N'),
(34, 'pago cuota', 'visa', 347, '82520195B'),
(35, 'pago cuota', 'mastercard', 287, '07379758L'),
(39, 'pago cuota', 'mastercard', 228, '40506500E'),
(40, 'pago cuota', 'trasferencia', 287, '95637780N'),
(43, 'pago cuota', 'paypal', 344, '00305644S'),
(44, 'pago cuota', 'mastercard', 255, '64274110V'),
(45, 'pago cuota', 'mastercard', 296, '35662318S'),
(46, 'pago cuota', 'mastercard', 219, '95637780N'),
(47, 'pago cuota', 'mastercard', 240, '96314055Y'),
(48, 'pago cuota', 'mastercard', 237, '94997340Q'),
(49, 'pago cuota', 'trasferencia', 326, '67046907T'),
(51, 'pago cuota', 'trasferencia', 343, '53888006N'),
(52, 'pago cuota', 'trasferencia', 271, '61290314C'),
(53, 'pago cuota', 'trasferencia', 342, '68417729Z'),
(55, 'pago cuota', 'visa', 376, '17955871W'),
(56, 'pago cuota', 'visa', 302, '53888006N'),
(57, 'pago cuota', 'visa', 282, '00305644S'),
(59, 'pago cuota', 'mastercard', 251, '62147416L'),
(60, 'pago cuota', 'trasferencia', 280, '17955871W'),
(61, 'pago cuota', 'paypal', 204, '48455706L'),
(63, 'pago cuota', 'mastercard', 332, '53888006N'),
(64, 'pago cuota', 'mastercard', 272, '13342865C'),
(65, 'pago cuota', 'mastercard', 376, '06922507X'),
(67, 'pago cuota', 'trasferencia', 328, '62147416L'),
(68, 'pago cuota', 'trasferencia', 237, '16596063Q'),
(69, 'pago cuota', 'visa', 241, '00305644S'),
(70, 'pago cuota', 'mastercard', 372, '52877984S'),
(71, 'pago cuota', 'visa', 223, '05231301Z'),
(72, 'pago cuota', 'visa', 292, '64274110V'),
(73, 'pago cuota', 'mastercard', 318, '07379758L'),
(74, 'pago cuota', 'mastercard', 290, '71736028M'),
(75, 'pago cuota', 'paypal', 289, '59924027A'),
(77, 'pago cuota', 'mastercard', 309, '18657192B'),
(78, 'pago cuota', 'trasferencia', 205, '52877984S'),
(79, 'pago cuota', 'trasferencia', 203, '40284834Z'),
(80, 'pago cuota', 'visa', 324, '79888085Q'),
(82, 'pago cuota', 'trasferencia', 233, '94997340Q'),
(85, 'pago cuota', 'paypal', 316, '96314055Y'),
(86, 'pago cuota', 'paypal', 296, '71736028M'),
(87, 'pago cuota', 'trasferencia', 322, '94997340Q'),
(88, 'pago cuota', 'visa', 324, '49420211M'),
(90, 'pago cuota', 'trasferencia', 293, '16596063Q'),
(91, 'pago cuota', 'trasferencia', 371, '06594352L'),
(93, 'pago cuota', 'paypal', 244, '68417729Z'),
(94, 'pago cuota', 'visa', 282, '95637780N'),
(95, 'pago cuota', 'mastercard', 263, '17955871W'),
(97, 'pago cuota', 'mastercard', 201, '59924027A'),
(99, 'pago cuota', 'trasferencia', 298, '91352214P'),
(100, 'pago cuota', 'mastercard', 329, '06922507X'),
(101, 'pago cuota', 'paypal', 287, '18657192B'),
(102, 'pago cuota', 'mastercard', 265, '07625236D'),
(105, 'pago cuota', 'paypal', 258, '13350272F'),
(106, 'pago cuota', 'trasferencia', 321, '03541872A'),
(108, 'pago cuota', 'visa', 273, '00095836L'),
(109, 'pago cuota', 'trasferencia', 380, '96314055Y'),
(110, 'pago cuota', 'trasferencia', 379, '07625236D'),
(111, 'pago cuota', 'mastercard', 256, '38342604Z'),
(112, 'pago cuota', 'trasferencia', 238, '18657192B'),
(113, 'pago cuota', 'paypal', 353, '52877984S'),
(114, 'pago cuota', 'trasferencia', 235, '52877984S'),
(115, 'pago cuota', 'visa', 282, '61290314C'),
(116, 'pago cuota', 'visa', 348, '64274110V'),
(117, 'pago cuota', 'trasferencia', 355, '67046907T'),
(118, 'pago cuota', 'mastercard', 270, '68417729Z'),
(119, 'pago cuota', 'trasferencia', 350, '71736028M'),
(120, 'pago cuota', 'trasferencia', 293, '18657192B'),
(121, 'pago cuota', 'mastercard', 238, '06922507X'),
(122, 'pago cuota', 'visa', 344, '03541872A'),
(123, 'pago cuota', 'mastercard', 297, '19348915D'),
(124, 'pago cuota', 'paypal', 248, '57059903W'),
(125, 'pago cuota', 'paypal', 227, '62147416L'),
(126, 'pago cuota', 'trasferencia', 302, '91352214P'),
(127, 'pago cuota', 'trasferencia', 237, '67046907T'),
(128, 'pago cuota', 'visa', 378, '35866030P'),
(130, 'pago cuota', 'trasferencia', 369, '38342604Z'),
(131, 'pago cuota', 'paypal', 291, '07625236D'),
(132, 'pago cuota', 'paypal', 370, '91352214P'),
(133, 'pago cuota', 'visa', 286, '62147416L'),
(134, 'pago cuota', 'trasferencia', 291, '96314055Y'),
(137, 'pago cuota', 'trasferencia', 257, '18657192B'),
(138, 'pago cuota', 'trasferencia', 264, '06922507X'),
(139, 'pago cuota', 'visa', 358, '35662318S'),
(141, 'pago cuota', 'visa', 368, '61290314C'),
(143, 'pago cuota', 'trasferencia', 363, '27965893D'),
(144, 'pago cuota', 'visa', 347, '35662318S'),
(146, 'pago cuota', 'mastercard', 220, '61290314C'),
(147, 'pago cuota', 'mastercard', 225, '27965893D'),
(148, 'pago cuota', 'paypal', 247, '59924027A'),
(149, 'pago cuota', 'trasferencia', 238, '67046907T'),
(151, 'pago cuota', 'trasferencia', 334, '79888085Q'),
(152, 'pago cuota', 'mastercard', 308, '71736028M'),
(153, 'pago cuota', 'visa', 373, '19348915D'),
(154, 'pago cuota', 'trasferencia', 311, '62848796W'),
(155, 'pago cuota', 'trasferencia', 300, '19348915D'),
(156, 'pago cuota', 'visa', 360, '48455706L'),
(159, 'pago cuota', 'trasferencia', 345, '13350272F'),
(162, 'pago cuota', 'visa', 334, '94997340Q'),
(163, 'pago cuota', 'trasferencia', 366, '06922507X'),
(164, 'pago cuota', 'visa', 357, '82520195B'),
(165, 'pago cuota', 'paypal', 288, '14143344N'),
(166, 'pago cuota', 'visa', 273, '62147416L'),
(167, 'pago cuota', 'visa', 347, '67046907T'),
(169, 'pago cuota', 'mastercard', 243, '13342865C'),
(170, 'pago cuota', 'mastercard', 347, '82520195B'),
(171, 'pago cuota', 'mastercard', 324, '42957383E'),
(172, 'pago cuota', 'paypal', 282, '29372295Z'),
(173, 'pago cuota', 'trasferencia', 376, '68417729Z'),
(174, 'pago cuota', 'visa', 276, '94997340Q'),
(175, 'pago cuota', 'paypal', 229, '59924027A'),
(178, 'pago cuota', 'visa', 328, '35866030P'),
(180, 'pago cuota', 'paypal', 215, '64274110V'),
(182, 'pago cuota', 'mastercard', 359, '42957383E'),
(184, 'pago cuota', 'mastercard', 210, '53888006N'),
(187, 'pago cuota', 'mastercard', 292, '06922507X'),
(188, 'pago cuota', 'mastercard', 235, '57059903W'),
(189, 'pago cuota', 'mastercard', 276, '57059903W'),
(191, 'pago cuota', 'visa', 310, '68417729Z'),
(193, 'pago cuota', 'mastercard', 263, '29372295Z'),
(194, 'pago cuota', 'paypal', 268, '38342604Z'),
(195, 'pago cuota', 'paypal', 279, '59924027A'),
(197, 'pago cuota', 'trasferencia', 221, '42851579X'),
(198, 'pago cuota', 'paypal', 344, '38342604Z'),
(199, 'pago cuota', 'paypal', 311, '13342865C'),
(200, 'pago cuota', 'visa', 259, '13350272F');

-- 
-- Restore previous SQL mode
-- 
/*!40101 SET SQL_MODE=@OLD_SQL_MODE */;

-- 
-- Enable foreign keys
-- 
/*!40014 SET FOREIGN_KEY_CHECKS = @OLD_FOREIGN_KEY_CHECKS */;